{
    "predict_bleu-4": 0.006917901234567901,
    "predict_rouge-1": 92.5925925925926,
    "predict_rouge-2": 0.0,
    "predict_rouge-l": 92.5925925925926,
    "predict_runtime": 17.5694,
    "predict_samples_per_second": 18.441,
    "predict_steps_per_second": 0.398
}